MCQ,Choices,Correct
What is a key design element of the Galaxy Z Flip6?,a: Improved camera performance | b: Enhanced battery life | c: Exclusive color options | d: Advanced processor,a
What material is used for the Galaxy Z Flip6 cases?,a: Recycled plastic | b: Recycled glass | c: Recycled aluminum | d: Recycled cobalt,a
What is the largest battery ever in the Galaxy Z Flip6?,a: 3500mAh | b: 4000mAh | c: 4500mAh | d: 5000mAh,b
Which feature of the Galaxy Z Flip6 helps in translating conversations?,a: Interpreter | b: Chat Assist | c: FlexWindow | d: Zoom Rocker,a
What is the new premium Flip design of the Galaxy Z Flip6 known for?,a: Improved durability | b: Enhanced camera performance | c: Vibrant color options | d: Advanced processor,a
What does the Camcorder grip on the Galaxy Z Flip6 help with?,a: Taking selfies | b: Recording videos | c: Editing photos | d: Translating conversations,b
Which processor is used in the Galaxy Z Flip6 for enhanced power efficiency?,a: 5nm | b: 6nm | c: 7nm | d: 4nm,d
What is the key focus of the new One UI 6.1.1 for the Galaxy Z Flip6?,a: Enhanced battery life | b: Improved camera performance | c: Personalization and customization | d: Advanced processor,c
What is the purpose of the FlexWindow on the Galaxy Z Flip6?,a: Taking selfies | b: Translating conversations | c: Recording videos | d: Personalization and customization,d
Which feature of the Galaxy Z Flip6 allows for interactive wallpapers?,a: Interpreter | b: Chat Assist | c: FlexWindow | d: LED Effect Cards,c
What is the new color option available for the Galaxy Z Flip6?,a: Yellow | b: Red | c: Purple | d: Green,a
What is the purpose of the LED Effect Cards on the Galaxy Z Flip6?,a: Recording videos | b: Taking selfies | c: Adding LED effects to the screen | d: Translating conversations,c
What is the main focus of the Galaxy Z Flip6 in terms of sustainability?,a: Recycled materials | b: Biodegradable components | c: Reduced packaging | d: Energy efficiency,a
Which feature of the Galaxy Z Flip6 allows for quick replies with suggested prompts?,a: Interpreter | b: Chat Assist | c: FlexWindow | d: Zoom Rocker,b
What is the purpose of the Armor Aluminum in the Galaxy Z Flip6?,a: Enhanced durability | b: Improved camera performance | c: Vibrant color options | d: Advanced processor,a
